-1.838174136423155858e+00,-1.051596271982895514e+00,-1.925257777856487884e+00,-1.618419353709784181e+00,5.377304457110451130e-01,4.429353645552581153e-01,1.819467496902777093e+00,1.078705703157507578e+00,4.298784059501979393e-01,1.790166344900012696e+00,-5.055222662169367442e-01,-1.478340437591103784e+00,5.560924694892799280e-01,1.550856640140338749e+00,2.704919183412015649e+00,1.140808833316453580e-01,-9.423774031261198392e-01,7.393309998159164342e-01,-1.032226471382161614e+00,-3.399033011141130295e-02,-6.130760617457958750e-01,-1.042325817140937749e+00,1.236644121797006113e+00,-1.873422573212073061e+00,7.557005518267851940e-01,-9.016489722373699500e-01,-9.923061674970234947e-01,-1.434291723062483648e+00,-1.213096477929106909e+00,6.037578172169375534e-01,1.418370382896753989e+00,-1.889653983828487815e+00,8.620224427174133508e-01,-8.059280054518372927e-01,-1.466884447849840178e+00,-1.047759311891956369e+00,-8.247818212856984355e-01,8.244028642406178164e-01,-1.116305913951845641e+00,-1.566960023744456532e+00,-1.039967583278883057e+00,-7.307942758656923443e-01,7.948416325698725027e-01,-1.346704403192199750e+00,1.876077157194793732e-01,-1.054754451502138091e+00,-2.998458849775313406e-01,-8.367775365912323293e-01,-1.078346092539501200e+00,-1.896281331280091353e-01,9.894397577993496729e-01,1.609953632242300703e+00,-1.325712521849604419e+00,-1.119549384858901986e+00,2.486259994760796690e-02,-1.127572862469314208e+00,-1.994206388545061381e+00,6.080547127187184708e-01,-5.039298533217273501e-01,-1.293455253832065832e+00,1.229829650380214634e+00,-1.243741761070287888e+00,-7.174788696533050958e-01,-1.051099630640013771e+00,-1.677492120467309444e+00,-1.816266892366667496e-01,1.944805307851670717e+00,6.344889018683358417e-01,-1.388101772135818424e+00,1.479119164576771839e+00,-2.486649006816497587e-01,7.221581623623287705e-01,-7.981663419065799792e-01,1.500712635199372924e+00,-4.387426954059424622e-01,-1.455699655167825179e+00,-1.237905607632165728e+00,2.445295870068046606e-01,1.991995248305525601e-01,-5.914860450364987088e-01,6.627195804406362800e-01,-1.543689375783856788e+00,-1.762822856055579201e+00,1.139364491303281213e+00,1.089468687881751885e+00,-6.672510672204537974e-01,2.275462141303565389e+00,-5.471607870069709056e-01,3.459882810257157715e-01,-1.388215614521567387e+00,1.869994814357438528e+00,1.531909137833384227e+00,-8.911899408766811304e-01,-4.068989451095283288e-02,9.435073369818383071e-01,-6.108567843364666183e-01,-1.364845588423537537e+00,-1.039114666974387591e+00,2.536498625766709369e-01,-9.339140783029983295e-01,-1.226564951672629578e+00,-9.783976810114931588e-01,-8.348008466025801377e-01,-7.167404199695658340e-01,-1.053612506678648808e+00,-1.317157528510157105e+00,1.054651201633986179e+00,-1.411913634712719023e+00,3.233072992352687081e+00,4.585238581384730172e-01,-1.394948332493752829e+00,1.121830807074723158e+00,-1.697527397931121618e+00,6.886429189061900047e-01,-9.696528678553731906e-01,-1.125848014815719722e+00,1.224447038126659004e+00
-1.358139862467942605e+00,-8.543776065987433999e-01,-8.236388290500813447e-01,-1.515490521584302197e+00,1.225920182173580786e+00,-4.902793105730524070e-02,1.183641142419884273e+00,5.203819182349117556e-01,8.157092588800820554e-01,1.701760114914554339e-02,-1.063707281928131243e+00,-9.979973146288362296e-01,-5.787869691410448825e-01,1.470634621863347258e+00,8.634486210707814635e-01,-6.491473439515986765e-01,-1.287361229636687643e+00,3.302138205568534990e-01,-1.274956059409557918e+00,-2.581342863948485333e-01,-1.119915072821073165e+00,-1.057089679035809748e+00,3.439678796993469456e-01,-9.192642277554550212e-01,-1.455642026095147479e-01,-7.163472054067184791e-01,-1.117827288763490801e+00,-8.095139164826254952e-01,-1.342532849543196072e+00,-4.698981351717806954e-01,1.311025268468635430e+00,-1.210131610385055234e+00,1.109302481102998561e+00,-8.440681033199036731e-01,-6.167976812864208735e-01,-1.380312207243645561e+00,-1.057487629576700616e+00,8.517231018763306016e-01,-1.174226003046127342e+00,-1.108889521310098214e+00,-1.010005693406189842e+00,-8.470223329387460698e-01,4.136656638364355487e-01,-1.074819699493215097e+00,1.351496259101349073e-01,-9.185593061604839793e-01,-4.299604076151892773e-01,-8.444177347734032058e-01,-1.190820986296996731e+00,-2.700794071721906997e-01,4.563915976024139343e-01,7.374477909050443092e-01,-9.588472094083612118e-01,-1.330173443529289345e+00,-9.528787008312270546e-01,-8.138498566802565559e-01,-1.875057632957773279e+00,9.447815892170642327e-01,-8.721625339164411628e-01,-1.126024772123892514e+00,5.391532519934684187e-01,2.436511547968740199e-01,-1.664116797263645031e+00,-1.272287013189037141e+00,-1.436639173679230330e+00,1.355768176762634503e-01,7.308494109369461089e-01,1.899345807627915439e-01,-1.306157789220039334e+00,8.915746913936447582e-01,6.646794334437979013e-02,1.260022107367628097e+00,3.056749253889334272e-01,5.342849856789172458e-01,-2.717208714361618038e-01,-1.085650946223490454e+00,-1.016273499918417311e+00,7.459069273114153908e-01,1.288393373504444384e+00,-5.792243284604384757e-01,6.155428498852015817e-01,-1.480374971421028141e+00,-1.815037262918472116e+00,6.069385066327854794e-01,5.559254836672661293e-01,-9.070095121622444578e-01,1.056319284192910546e+00,-3.698911093368419944e-01,-8.205649918624516870e-01,-5.929468522010542531e-01,1.174054347901653195e+00,1.322819666298708174e+00,-9.327100022737335738e-01,3.845532374954453436e-01,8.571230310641569927e-01,-7.383507221718516034e-01,-1.327282852955210535e+00,-1.127671416791298453e+00,8.952566603854170690e-01,-1.039345450270063864e+00,-1.339896482292663782e+00,-1.723709657256537797e+00,-1.060244656037512501e+00,-2.227705090117181985e+00,-1.376125749039136092e+00,-8.459227903070775101e-01,1.248543619073838151e+00,-9.885581791573728738e-01,2.689030193702572347e-01,9.468742609551945577e-01,-1.813849409673508415e-03,2.871110905864535656e-01,-1.053512848010855762e+00,1.646029020220794781e+00,-1.082815252448255938e+00,-7.102368170372868050e-01,1.568643829735631323e+00
-8.896273361767651489e-01,-1.403893434189992462e+00,-1.163497843103916685e+00,-1.090553512046525064e+00,1.888147795232460457e-01,1.222456719900308769e-01,1.074163866850133653e+00,8.439220200955219742e-01,6.538511416123130582e-01,-5.369833320402319643e-01,-1.308689570909122857e+00,-1.332261372942971978e+00,-1.200040264953317726e+00,1.207900193378711906e+00,1.511552502163924450e+00,-7.134837729067519119e-01,-1.202002162293194898e+00,5.445813060611468526e-01,-1.129183620847931779e+00,1.309507651404662631e+00,-1.423420466572335119e+00,-1.470726383954132910e+00,6.937998586229414677e-01,-9.449067288010816190e-01,-9.036750198563965331e-01,-1.427471597178228357e+00,-1.575119719202610735e+00,-1.132107951014815539e+00,-2.998691394795035547e-01,-1.071174100336652835e+00,1.378872678344962965e+00,1.365147443302509589e-01,1.382573753695660823e+00,-1.205125954627212170e+00,2.449229376226723931e-01,-1.706559538649695229e+00,-8.425081784221777337e-01,1.464320398147769264e+00,-9.663502994797497081e-01,-1.312333280768996246e+00,-1.270602802081799432e+00,-8.857070147313435005e-01,1.798713925708585182e-01,-1.482133989087826009e+00,2.887957430688670724e-01,-1.151256601511514877e+00,-1.124238801694801948e+00,-8.384520864478530733e-01,-1.072927043258421254e+00,-1.113758462767129975e+00,1.127524950385439872e+00,1.078830770120660532e+00,-1.049826599183447451e+00,-1.341690624510737839e+00,-8.437115104235751728e-01,-9.898373943476155290e-01,-1.151018941436445120e+00,6.933755564502065427e-01,-9.955269683043208584e-01,-1.359017152135837625e+00,-7.879256570976211904e-01,1.800347587947974948e-01,-7.107884538404871666e-01,-8.244032808229235787e-01,-1.721485178655919324e+00,3.862285488921938376e-02,8.953903996784184915e-01,1.025755845360633467e+00,-1.105688270050548816e+00,1.478533591219276799e-01,9.284396220641848441e-01,1.166307032884001504e+00,-1.225989223718909477e-01,7.160391215851158453e-01,-7.259168561747868231e-02,-1.145887459082219673e+00,-1.544811717408711482e+00,1.270904768709850918e+00,1.883251935783634368e+00,-1.082484162638322367e+00,6.114961432724250745e-01,-9.665496525624884816e-01,-8.840055212803623608e-01,2.037533037863110408e-01,2.317442693143230981e-01,-8.300588531876598730e-02,9.697071994861785615e-01,-1.050059096473640263e+00,-2.005749326226061446e-01,4.678596902306668692e-01,1.105804787979835169e+00,1.414996629648290538e+00,-1.206296336866127250e+00,5.942464826610230899e-01,7.531407550841919818e-01,-1.496610272887438198e+00,-1.508813928789139780e+00,-6.426312168760929255e-01,8.138949767257886991e-01,-1.237878346192512025e+00,-1.200287080193878753e+00,-7.939222487896323566e-01,-1.064786168071115036e+00,-8.556544022038456987e-01,-1.255325696743726072e+00,-1.184295843297634043e+00,7.761333941832748717e-01,-1.084349136670089697e+00,-2.295273083563436067e-01,1.085987996854401949e+00,4.507862471639170754e-01,-9.860098880714622815e-01,-1.109819763954873473e+00,1.212079354785096763e+00,-1.011798656795026119e+00,-1.040339480663571958e+00,1.410055508693197401e+00
-7.609817825880885733e-01,-1.433874953123122076e+00,-1.800524838752866286e+00,-7.699333796862737334e-01,9.158228144499104273e-01,-1.952092944112376605e-01,1.155069972801179512e+00,2.494871769185286747e-01,1.096109223330911098e+00,-1.185883062468603422e+00,-1.296669293053224647e+00,-1.377475010672029487e+00,-1.559798502847468571e+00,1.100464779352841260e+00,9.318997513192945892e-01,-8.431156337161941350e-01,-1.209971352956192181e+00,1.977856607616513163e+00,-1.587295661212899223e+00,-1.039943530673862748e-01,-1.444890190869683844e+00,-1.805762053387417021e+00,4.894776972963078565e-01,-4.710560039674706601e-01,-1.025599330449783908e+00,-1.642927289640371713e+00,-1.302264293488121227e+00,-7.809104447125525539e-01,-1.731951594382270532e+00,-1.234696495127523663e+00,1.044365584733077723e+00,-7.408109218695574372e-02,1.434643474202849545e+00,-1.174827629712572596e+00,9.472011112805001076e-01,-1.476898238136563846e+00,-1.242339503421575175e+00,1.173254081730800369e+00,-1.390691512942234143e+00,-1.368416678373487683e+00,-1.088298588143670420e+00,-6.245418750422756515e-01,-1.913698526148055745e-01,-1.128434766693111602e+00,-8.931512785343972971e-02,-1.335080701460585439e+00,-1.173989517295495943e+00,-1.352579956212932588e+00,-1.266296374426856941e+00,-1.015777641251473407e+00,3.198467381932840886e-02,8.695440745778258984e-01,-1.204172039694832996e+00,-1.301648566898768733e+00,-9.317313411578194149e-01,-1.181724797394017479e+00,-9.349939355126279938e-01,8.572370424912301168e-01,-1.359621116833719778e+00,-1.186908216777830871e+00,8.801780668794368934e-01,-5.382975633770579194e-01,-3.713899589485118446e-01,1.275852005971430447e+00,-4.281713915086661770e-01,8.530523656440385238e-01,5.747986113308971579e-01,7.481446087439350690e-01,-1.182276199203358136e+00,9.057566506264737027e-01,6.791695612155582706e-01,1.444634139924610539e+00,-1.604620675712900568e-01,6.422064268180245339e-01,4.163489119008062511e-01,-1.004439210109010050e+00,-1.555455279603912278e+00,9.776713390372051560e-01,7.721705295917574707e-01,-1.386091794540696975e+00,5.877977089757413509e-01,-7.890027809653945567e-01,9.169544865689003288e-01,-3.365240486394546759e-01,-3.369237881756144692e-01,-1.353418221879232608e-01,7.181748392424527339e-01,-8.744136089458351968e-01,-8.042847249979820923e-01,-1.548605370381299640e-01,1.025175332024364172e+00,7.189791391794013720e-01,-1.615910996871470884e+00,8.184762746446171411e-01,7.381210557320643240e-01,-1.728873295419600664e+00,-1.438256478161941132e+00,-1.668921631177682885e+00,1.000177014814801479e+00,-1.694275459902338854e+00,-1.315338795698648200e+00,-1.004437608722880571e+00,-1.252140958715565633e+00,-6.912781565369824355e-01,-1.213399281400750596e+00,-1.302552745819599789e+00,2.590618996956766118e-01,-9.064575413032447404e-01,-5.238693141246039131e-01,1.246013064587209174e+00,1.641001239088234032e+00,-1.035100451046023551e+00,-9.586100010882657729e-01,1.025404465394707643e+00,-1.731245750813073414e+00,-9.978536637651396202e-01,1.414507638539814982e+00
-9.671179394231953497e-01,-1.482508922904566040e+00,-1.166726655515028854e+00,-1.127644157513160605e+00,-9.036512261977541760e-01,-8.441873390800046506e-01,8.343627337303585190e-01,1.067464867834394315e+00,1.539701289595476474e+00,-1.108465997446216322e+00,-1.313942382464755809e+00,-1.289482103887454212e+00,-1.376149896440728604e+00,8.077096443488719357e-01,9.793717899410605554e-01,-1.261991281930687547e+00,-1.073716625438724259e+00,1.230498448373857023e+00,-9.110681041107430156e-01,-7.777307043840676892e-02,-1.210657244995461790e+00,-1.401805253485284064e+00,8.710052002443370300e-01,-9.922221905647049534e-01,-1.406786749656618429e+00,-1.355512970692871466e+00,-1.208144439518343161e+00,-8.171328067232429548e-01,-2.815636182659215225e-01,-1.282969962674078701e+00,1.282969144404499717e+00,5.379532035430516501e-01,1.286373384260390385e+00,-1.458747910503626510e+00,9.568890172634856306e-01,-1.530331799113287428e+00,-1.058182397618242510e+00,1.303761499863160145e+00,-8.340021160651761578e-01,-1.260330838805705733e+00,-1.254283913346882162e+00,-4.087115195484486430e-02,1.753606183908707483e-01,-1.172771352114313492e+00,4.001009945363654396e-01,-1.312438587792059907e+00,-8.149903254205982384e-01,-1.513728644849895888e+00,-1.100541793831745885e+00,-7.278662762354406457e-01,4.285537063429611382e-01,1.181433841515421745e+00,-1.212284387181865819e+00,-1.248356838562733939e+00,-1.200340251026750682e+00,-9.535267051655715864e-01,-1.389912440601993149e+00,9.562835531314530790e-01,-1.538046014798133632e+00,-1.367521361736314667e+00,-4.955807899732938004e-01,-4.947116759919701345e-01,-3.061915376940341216e-01,1.903731137942887841e+00,-1.219903849842028931e+00,-5.588101562173664050e-02,3.483641335337881451e-01,1.056082781719426045e+00,-1.037603520678471281e+00,-1.147010364046666120e-01,1.128208055871796844e+00,1.249608474344443776e+00,-2.648751138204004096e-01,3.734835183249913815e-01,6.618519887311071770e-01,-1.463545450215785193e+00,-1.366505981625110833e+00,1.327735469421457593e+00,1.682156817619150146e+00,-1.555972594693394884e+00,8.173547619790302310e-01,-1.358781507603504579e+00,1.911613632488448067e+00,1.887762068537593083e-02,4.633924742729930712e-02,-3.947953722379480279e-01,1.320958530085847960e+00,-1.194468271416938343e+00,-4.728035425868034047e-01,7.790513173022081128e-01,1.000011322866784624e+00,1.583345860485587675e+00,-1.005670968943205068e+00,6.697748065420554564e-01,4.822641602621175472e-01,-1.662416531901666605e+00,-1.438601672201023973e+00,-1.138180632003969572e+00,8.400462268685009448e-01,-1.851136170002281478e+00,-1.743212913438307199e+00,-1.479622855437365381e+00,-8.794232484710805542e-01,-1.008307701904344489e+00,-5.035113411539593464e-01,-1.545077085492189584e+00,1.503519533709130329e-01,-1.308795007791076603e+00,2.580085431733140644e-01,1.099919050185345082e+00,1.404658973495422902e+00,-1.348590287967602386e+00,-1.613942119117931284e+00,2.635205812219464372e-01,-1.750976765453468920e+00,-1.172310871199915505e+00,1.538164557196848581e-01
-7.646017537924487684e-01,-1.249657894551545523e+00,-1.232064637030853227e+00,-1.176813079448628452e+00,3.154107413631585533e-01,-5.867152699922361103e-01,4.786894692175685528e-01,7.461338167596038851e-01,2.483115354218648485e-01,-1.659893124149776300e+00,-1.437534149875563605e+00,-8.628697962319644699e-01,-1.814527053624109154e+00,1.097748067072609884e-01,-9.974728765713501977e-01,-1.842627866969911876e+00,-9.339418192581284694e-01,-1.906728132544416310e-01,-9.769711462881893738e-01,-1.427763496008800093e-01,-1.599586816826253921e+00,-1.509935558427984104e+00,5.133422804144067708e-01,-9.453099870584631415e-01,-1.323675526365505117e+00,-1.182242860593027522e+00,-1.246148268154867012e+00,-1.071940970483314270e+00,4.961039919042022350e-01,-1.118076934910070319e+00,1.143501202681211248e+00,1.131187032581804308e+00,5.517603822451331297e-01,-1.148151597503715537e+00,4.242643732106374244e-01,-9.406873507909617738e-01,-9.685126590985221329e-01,1.244945079337463234e+00,-1.024463529807596363e+00,-1.272108702752001275e+00,-1.444344649512425915e+00,-1.735744917426718104e+00,1.153855687835343202e+00,-1.150389611311387394e+00,8.302249764254860942e-01,-9.146114015901338767e-01,-3.320496656408631342e-01,-1.690339708328013169e+00,-7.768822624645806973e-01,-9.633802977934783351e-01,7.380401046703645163e-01,1.343946200987985229e+00,-1.366279560755494060e+00,-1.476823397295170759e+00,-1.521282643494332509e+00,-1.042446178415924241e+00,-6.161309546771724932e-01,4.141354758144316084e-01,-9.926216311547335636e-01,-1.338039061567718235e+00,-8.394143262883549395e-02,7.424923839043195972e-01,2.570290278925719055e-02,7.139469834562977013e-01,5.442525224944063655e-01,1.255330368438400679e-01,4.478972890475366730e-01,1.143823108701501390e+00,-7.660412465348860334e-01,4.046283039605931831e-01,2.243172905101146475e-01,1.053921797614270073e+00,8.866038093196043635e-01,4.375001601541440577e-01,-8.616733780127091569e-01,-1.326359250173986704e+00,-1.320916198705697431e+00,5.996455689512824039e-01,1.645026623708371494e+00,-1.061620300621243684e+00,1.486746571296917896e+00,-1.222586662361900389e+00,6.618255875994734083e-01,-3.480293588421741469e-02,1.933716592583399618e-02,-7.324728695094416819e-01,5.838847862393650168e-01,-1.201392708441858304e+00,-1.519267393934225163e+00,-6.191405823886179105e-01,9.345122362229894009e-01,1.353303346516137706e+00,-1.241751033765884582e+00,1.394088666750613825e+00,8.562514460737795652e-01,-5.458974664787568098e-01,-1.421472148963493831e+00,-7.235374697540579714e-01,5.192016302613895462e-01,-1.131894316873785833e+00,-1.491917440465419187e+00,3.659562210931194826e-01,-1.522858261482383790e+00,-1.555087493275492783e+00,-1.829053146480442038e+00,-1.345456946010172627e+00,1.393905676753448342e+00,-1.383395028072987198e+00,-1.568928526485974473e+00,1.132608251483562700e+00,8.061546853791436984e-01,-1.350792557036297303e+00,-8.620444052455595862e-01,8.506565993112810142e-01,-1.045277684594684509e+00,-8.717450486118505371e-01,8.382709815154147925e-01
-6.679840107410476291e-01,-1.188049779254296334e+00,-6.987341434960417930e-01,-1.021751747488349737e+00,-6.739458011129274839e-02,3.132996546064985011e-01,5.743173436232692497e-01,1.169557302150155964e+00,8.620361517151041708e-01,-1.693364000341327724e+00,-1.150041758826905847e+00,-9.817346102088342352e-01,-1.392688216811690749e+00,7.714003147439733865e-02,-5.881174035796131738e-01,-1.509398566575126388e+00,-8.967902765391287945e-01,1.070839055113064209e+00,-1.022138752396461570e+00,-7.297552436630535544e-01,-1.471378254344572145e+00,-1.075334301141708471e+00,4.833005842795150553e-01,-9.544062803165404008e-01,-1.149062298308600516e+00,-1.083516063087925474e+00,-1.284152329874703069e+00,-1.108955147989937995e+00,2.616696804913570262e-01,-9.317525410748861425e-01,9.767486973355249402e-01,5.385475042131309120e-01,8.165733124507655871e-01,-8.211818467361745588e-01,9.728417381117675511e-01,-1.066960688565335769e+00,-7.649990820888756815e-01,1.055490860188739388e+00,-1.006596080779527780e+00,-1.071108120945687192e+00,-1.335282087550382357e+00,-1.204558691478044397e+00,1.087051761876986156e+00,-7.629222868430982629e-01,5.939216536504789978e-01,-1.044412227799094373e+00,-9.491493643311474937e-01,-1.446641308089721578e+00,-1.478497886516106252e+00,-1.144751668447181681e+00,1.457186774238881544e+00,9.992611960317332453e-01,-1.077655486158624720e+00,-1.072385760881627403e+00,-1.464230526899364726e+00,-1.214809833095205072e+00,-4.493238203686412136e-01,6.340323908039747769e-01,-1.715382927309256900e+00,-1.329921546231114027e+00,-5.590273244014007936e-01,-1.906364188436270035e-01,-2.895408290659404749e-01,1.058507440251219567e+00,8.655655910186133006e-01,-1.072791173421440425e-01,-3.706150222941761441e-01,1.159916231045912793e+00,-9.773214007032021700e-01,1.410952221235109993e+00,1.118520579380885227e+00,2.875217055292839663e-01,6.187126570973995321e-01,1.167681119542427481e-01,-3.688474851934582244e-01,-1.051822866436313619e+00,-1.098376268731053873e+00,1.387513615020640412e+00,9.828060527868360818e-01,-1.079506740450427937e+00,1.621726534894838201e+00,-1.005350260994708256e+00,1.589068100877200740e+00,1.828901754232745702e-01,3.858779982275309939e-01,-1.063966688589957910e+00,6.433700545513812985e-01,-1.239857543291001285e+00,-1.001727733199300197e+00,-6.319581042350275180e-01,8.434763379700098707e-01,7.814662642017322636e-01,-1.339988918311620480e+00,1.582315315579225778e+00,1.100800660234735773e+00,-3.594370795273740260e-01,-1.101158786264440081e+00,-7.788900330868511190e-01,1.177762706582133889e+00,-8.069832922709554435e-01,-1.085403976013951333e+00,-7.189188756039447403e-01,-1.225517767910568212e+00,-1.119341791785108065e+00,-8.321738681297840001e-01,-1.203656287579944362e+00,1.776007452905671080e+00,-1.135191080666360097e+00,-1.125941904795578319e+00,1.237896247174038455e+00,1.219750814617958312e+00,-1.515656609347148187e+00,-8.303869246971616880e-01,6.332703763973566158e-01,-7.159159052836243653e-01,-9.043071715030885915e-01,8.920927590290971265e-01
-1.039936539571714169e+00,-7.061935285761218317e-01,-1.000898307441670632e+00,-9.473604523821905765e-01,-1.275686285544262333e+00,1.015334878284761766e+00,1.176622201951033730e+00,1.156267097135397659e+00,1.526162490148798678e+00,-1.401094550899398161e+00,-8.565020429887214570e-01,-1.170551181685321129e+00,-1.005189953342994436e+00,1.711247825509389087e-02,-7.048764792433289683e-01,-1.675430829826635160e+00,-1.288932194253463948e+00,1.282790205525875304e+00,-1.508378741159683178e+00,-2.964247991665178716e+00,-9.939043430660222667e-01,-6.266687412922729017e-01,9.253776039281514931e-01,-5.137695255686356433e-01,-6.613583663673353596e-01,-3.672918381828921830e-01,-6.009041662725077559e-01,-4.695642756342057744e-01,-1.165085081508997256e+00,-4.915410124645929191e-01,1.075443678938295733e+00,2.011734287465541393e-01,1.313104302312152694e+00,-2.926076756183231820e-01,1.127326310296864920e+00,-6.791926615048446969e-01,-8.692057514635329607e-01,1.106571827209053005e+00,-1.451553113439729925e+00,-1.004935281022105498e+00,-9.328353397623416754e-01,-8.152026586472249647e-01,1.716455251341755250e+00,-1.118870516953600402e+00,-6.816309507830620174e-01,-1.241676737117491269e+00,-1.245636849363490839e+00,1.344698678262808700e-01,-1.694032719018342625e+00,-8.569180197422956446e-01,8.589239945037293600e-01,5.219293288591472235e-01,-1.166390368848698067e+00,-9.701066911089989420e-01,-1.031558129647343058e+00,-1.447557521941135850e+00,2.576284998453938768e-01,1.129538358118921337e+00,-7.973143801379583007e-01,-9.722720164303038093e-01,7.010886255523390842e-01,-1.762540328199377337e-01,-1.901063317782765383e+00,1.315965632361426163e+00,1.692115776492200796e+00,-9.018382442753272166e-01,6.989779740149293374e-01,8.061573055099243712e-01,-1.461331530152380376e+00,2.420877096226804248e+00,3.280853938704879624e-01,4.256015014750446634e-01,7.688724825861756873e-01,1.191201634920169949e+00,-1.077842090224769178e+00,-5.128670238633187273e-01,-1.087727393317414748e+00,2.148874072155129711e-01,6.951556537059838670e-01,-1.305887023523244928e+00,1.831832687897950063e+00,-4.831581154150173529e-01,8.994644607330304353e-01,1.774587318096216282e-01,1.327103813034629098e-01,-1.590736167054225270e+00,1.102781845474547273e+00,-1.094457699791110183e+00,-2.108274112432078518e+00,-1.928402349652458936e+00,7.885195065423715732e-01,-5.195478059434912449e-02,-1.410929822273049972e+00,1.375887351235079326e+00,1.229670341794136146e+00,1.865555767616296767e-01,-7.823022964996086959e-01,-1.133723569925132013e+00,1.263106463148945258e+00,-1.504931857469737455e+00,-5.556001114170547872e-01,-1.902478918898800886e-01,-1.489177709976994946e+00,3.148067659588238421e-01,-5.666067946813340139e-01,-1.336955796483991543e+00,1.997507238885993575e+00,-4.184935269252089696e-01,-3.317700484902744162e-01,1.274212853186762029e+00,1.694432185113045719e+00,-1.613340051774764250e+00,-7.640986858929551540e-01,9.815096484600348559e-01,-1.452486754947373226e+00,-1.278140458563169268e+00,2.584759598476047415e-01
-2.946971001696366277e-01,-6.392943464115606877e-01,-1.090807932102007827e-01,-7.963908720833299260e-01,-2.406355654015538192e+00,5.960377625321366946e-01,5.461161548806658939e-01,1.476283208365237964e+00,1.145859856461296955e+00,-1.332957795185274907e+00,-1.055913472278713128e+00,2.161014409513229984e-01,-4.670443628781651979e-01,-4.296914000025824909e-01,-9.824469034176649407e-01,-1.355153406935677873e+00,-7.212320446823086151e-01,7.229873725983236854e-01,-4.406568336442730494e-01,-4.192971774614046021e-01,-9.290192276795704585e-01,-3.979649157813984761e-01,7.952406159620836190e-01,-1.355152590906722354e+00,-2.000574212062012913e-01,-6.077103896328229782e-01,-7.047794823117120577e-01,-1.025604345723934552e+00,7.320694410439019251e-01,-1.077335961881620702e-01,5.348463432014982644e-01,1.482719766555079532e+00,1.146696077282863602e+00,-8.032674860135391448e-01,1.429827989063818139e+00,2.049248051900615375e-01,-5.602861353913751730e-01,8.023048242207792002e-01,-1.022502499665263853e+00,-4.856306250052931373e-01,-8.951314744576034377e-01,-1.787441320073305473e+00,1.669208405026868292e+00,-1.037583372964181461e+00,1.541457329304654289e+00,-7.303258813440214325e-01,3.734066764205944411e-01,-4.958292922450254769e-01,-6.786485513557676263e-01,-1.704239081130397349e+00,2.307004289657770268e+00,6.079656299636095884e-01,-3.749310182875043584e-01,-6.908924746372996362e-01,-1.737822562857380237e+00,-9.531739128473000200e-01,2.557642177798569727e-01,1.229004232267609353e+00,-1.078137053212393726e+00,-5.702162976420815932e-01,-4.373507572837062041e-01,1.642974220215402292e+00,-6.007351463990237006e-01,2.329287186644438123e-01,7.515019562261424646e-01,-2.692778652100445758e+00,9.169839734856506386e-01,1.407221208506552967e+00,-6.515573202996031155e-01,5.772605429839432478e-01,1.616740146414584967e+00,1.034092888702187324e-01,1.066834665868179988e+00,1.151054842590200966e+00,-3.534943719327577893e-01,-8.118383167117653176e-01,-6.216287046977284625e-01,1.297395761244866774e+00,6.922440739076644034e-01,-7.766493521321455873e-01,1.726542273949808637e+00,-7.981726252897389795e-01,7.479368925615905717e-01,4.423906534540452684e-01,6.488653844417905381e-01,-1.773357467138580112e+00,9.794959878662130581e-01,-1.199629489613397437e+00,-1.109780923615308668e+00,-1.041820531736671773e+00,7.919907493515271346e-01,5.271746639157328662e-01,-3.704804413880619096e-01,8.891952772823580320e-01,1.188285663451837948e+00,-8.996025215688535637e-01,-5.189630653405905569e-01,-1.018700991454281057e+00,1.397456600312913633e+00,4.098985912592689046e-02,-8.661310034305885752e-02,5.657450514260605745e-01,-9.658676263322121258e-01,4.123800551770331335e-01,4.151739177653722690e-01,-4.356097323945119504e-01,1.622948603661827027e+00,-6.279599599164761292e-01,-4.704260363486631458e-01,9.068954673681076661e-01,9.781886872256970733e-01,-1.137262103222086429e+00,-8.353023611462250253e-01,3.766011665992817226e-01,-2.236509801500096914e-02,-7.958858406860219725e-01,-6.080454599989297826e-01
-8.983830937573968889e-01,-1.184589844133035141e+00,-6.707371568268876150e-01,-5.497530124318613654e-01,-1.121978410243253954e+00,1.209630785474305137e+00,7.461032342150102359e-01,-2.021237921996341114e-01,1.496290568375899355e+00,-1.529807644089586083e-01,-9.745705995744755601e-01,-4.479684817819460929e-01,-5.806726931077649256e-01,3.560669348638456633e-01,1.129400400883631139e+00,-8.238758809640375214e-01,-6.920838961702248104e-01,1.749926715029049840e+00,-9.431642169771585760e-01,5.225619362053863792e-01,-4.716098425403148497e-01,-3.321324600021674511e-01,1.033686495852065290e+00,-1.043041503340409459e+00,3.229678251027362501e-01,-1.117434374361839566e+00,-1.095493623648955195e+00,-8.835114539602235695e-01,-5.432031590737114446e-02,1.961572944765659354e-01,5.575800507607433509e-01,1.789443680087120292e+00,1.262495631768124404e+00,-1.290055109289021118e+00,2.616244535180854314e+00,-4.010806762115667889e-02,-1.196181789501327364e+00,7.728078424254430923e-01,-8.665428215786545874e-01,-6.655205838713189603e-01,-8.849305227324000267e-01,-9.905418546118942569e-01,9.112463580601720681e-01,-8.012905731876754922e-01,1.105554033531451985e+00,-1.088462410040885509e+00,-1.682206683956216420e+00,-5.183175545616447444e-01,-5.568525908352298659e-01,-1.384024256450625323e+00,7.742337026085083229e-01,1.055948329727130819e+00,-6.122147257296516321e-01,-7.943647070253772036e-01,-9.543214710681082735e-01,-1.256728127340307033e+00,-1.157346526675474108e+00,1.072621863773903783e+00,-6.365134041544459054e-01,-6.831022826329508080e-01,3.661390993094877921e-01,1.351754700171837298e+00,1.007577760139611645e+00,1.650186291598871868e+00,1.758784599414348726e+00,-7.312238259725252210e-01,1.075954415654092555e+00,1.678515599299340799e+00,-9.744825059277545387e-01,1.486810598150154206e-01,1.925737673269399375e+00,1.098345057910881772e+00,1.742680734243850615e+00,1.180749262297580371e+00,6.434128612567890926e-01,-8.523221948464646536e-01,-2.515386902542230962e-01,1.334641027360390142e+00,-8.510867705710321862e-02,-1.153945878146149129e+00,7.539931719899350959e-01,-6.846723894412241052e-01,1.567255921540901653e+00,3.270654635861922621e-01,1.036959981524236130e-01,-5.889628729359857040e-01,4.369289778539938718e-01,-1.492063847407671728e+00,-7.306822155426575538e-01,3.501093544403781621e-01,1.075747367725440995e+00,1.118609358057940373e+00,-1.022194663811719861e+00,9.437277857200988551e-01,1.232305754994182934e+00,8.139051974476478879e-01,-4.003622486629423993e-01,-1.529921063294226835e+00,1.384023933189434619e+00,-7.755686617562740359e-01,-7.116201419944657713e-01,-2.065353754027857980e-01,-6.163280917869190523e-01,4.139650420400244057e-03,-4.079947451142186265e-01,-5.132797728812120708e-01,-5.991855754755202046e-01,-6.822975418773764567e-01,1.549290478375958680e+00,1.151027953857408859e+00,7.999455306293162815e-01,-1.346846488742800885e+00,-8.824440301306709644e-01,-5.867776883705693169e-01,-7.338189336148860376e-01,-3.729956994040683482e-01,-1.243531100794062372e+00
8.789665489829848188e-02,-1.469763330436551219e-01,5.444590713549045669e-01,-1.044332206082846243e-01,-6.299159579548450905e-02,1.107417965203896237e+00,7.114329842250882718e-01,-2.164870851231756044e-01,3.178630945966984256e-01,8.575855701124594777e-02,-3.220412079757411505e-01,1.114075815295415106e+00,3.370451118144598412e-01,8.127177789357080684e-01,5.662328199887097790e-01,1.081446811741235137e-01,-4.251125524540676492e-01,5.421974912854509165e-01,-1.310580540962129510e-02,2.427143579330918177e-01,4.227437875073246643e-01,5.717561174743761576e-01,1.416891582921748327e+00,-1.592793800545644345e-01,1.341157163914375117e+00,-1.365898880640862012e-01,-2.567826322911204717e-01,-6.514156159623831766e-01,8.187071036312767447e-01,1.407852460245253567e+00,2.351497397323830396e-01,1.301797879159812599e+00,1.612487186845948106e-01,-9.876719952557280191e-01,7.015636094820777435e-01,9.377755438044527159e-01,-4.092585722548252591e-01,5.350981375959223962e-01,-3.770950422397152391e-01,1.010869054742827983e-01,-1.797832271018080796e-01,-8.832011507976580411e-01,1.454821391041220213e+00,-1.363478249263243292e-01,1.147443803796086570e+00,-6.901454690445921192e-02,-9.763987759089958196e-01,-7.144259596083583075e-01,7.456641552369077663e-01,-1.082439079479407207e+00,-6.075578160592469690e-01,7.267798608784457048e-01,4.782307321811645195e-01,-8.553889580417245453e-02,3.305200918477673583e-02,-8.941497768029040005e-02,3.107502207808863354e-02,5.779809671643777458e-01,1.700386927897628020e-01,5.296966634689590503e-01,9.921942711993796404e-01,2.003627903387003695e+00,4.042477906288134692e-02,2.501469471824268598e-01,2.194898144459036970e+00,5.847404306021072688e-03,2.639036427663622453e-01,8.105214470103019320e-01,1.736080523935226161e-01,1.045641876655973634e+00,1.069481091501615078e+00,3.644895355688776983e-01,1.888330081290690909e+00,6.711614064029596260e-01,1.041727079468899975e+00,-6.527322385537852323e-02,7.401280246709669441e-01,7.622670735138649123e-01,1.622616106448788453e-01,2.765220376240695166e-01,-9.947891262530154932e-02,-1.603708915848065797e-01,5.344570891146377400e-01,1.356695020082385073e+00,1.271079262857311765e+00,-1.911695812769901304e-01,-2.912720096967195138e-01,4.164725340561359901e-01,7.300860121739619624e-01,1.082647661106042936e+00,-8.171430973027740685e-02,6.280540893528436808e-01,3.699131213866809209e-01,5.232299494003055385e-01,-6.652494808705781137e-01,7.170450896327484891e-02,4.435056857458938295e-01,-2.009147479295816108e-01,6.860504490794939736e-01,4.256202711818602991e-01,2.719259821552403866e-01,7.023075531603912847e-01,-4.398884784981207385e-01,-4.958000790625732290e-01,2.317947956656209174e-01,1.219323688801589034e+00,-1.934502485613008860e-01,5.103901583078255255e-01,-5.767717076161906764e-01,3.352215882386740953e-01,5.242450840354585528e-01,-3.337473997987359664e-01,3.914551875196381481e-01,8.701635596680817875e-01,2.841365215048269333e-01,-1.587068235758689605e-01,8.735193481767928869e-01
-6.668620305142175519e-01,3.623029820112424471e-01,3.617669460596046882e-01,-3.431233075685804351e-02,-4.902904796719194103e-01,4.493159841137215893e-01,8.787359077758327697e-01,-4.628048487659111587e-01,5.274560251783358966e-01,3.188703659765026455e-01,3.461075889044984422e-03,1.289926880715383195e+00,3.343950343243837220e-01,1.105774147089137571e+00,7.854494524019843826e-01,3.899586327595064850e-01,2.146263925445738852e-01,1.988926104065386891e-01,-2.488999149230387564e-01,9.162650382016634953e-01,8.009834162024315196e-01,5.755814521161725095e-01,7.110927854136402937e-01,-5.238035070752654621e-01,8.782314247998097567e-01,-1.635826441225597117e-01,5.022106685041751728e-01,-1.786323725077895441e-01,-1.790691941917211594e+00,9.038233091226681726e-01,-3.390871829449987329e-02,6.257788648195221626e-01,-1.242709910383368033e-01,-4.147741864022655434e-01,1.786050352831811683e-01,7.912149279874881591e-01,-1.334548759812413721e+00,4.423432523539033157e-01,-2.692226626305292969e-01,8.137514960075643844e-02,1.647841328489652035e-02,-5.115226694311020283e-01,7.249168907302604437e-01,-1.678441798518092720e-01,2.962506429329780366e-01,-1.933012931875672802e-01,-3.598483021586615371e-01,-3.282313484337395781e-01,9.100188026022288934e-01,6.627321422874509205e-01,-1.026162704354135688e-02,5.879870250801092491e-01,6.455756347316006505e-02,3.040046380869858567e-01,-1.673585026369778239e-01,7.994171532497414134e-02,-2.213649005412158810e-01,9.967811512553997888e-01,7.019707242491421972e-01,7.451622723917918911e-01,1.211135223894887591e+00,1.075235668635125208e+00,1.393054276373898892e+00,-1.261513392921593146e+00,9.774743361818644116e-01,1.093376616181267691e+00,1.138082888651067437e-01,2.611702060761380007e-01,-2.248654042767262995e-01,7.489439780169044880e-01,4.037935533948573963e-01,3.380465626521020894e-01,1.457756104147795995e+00,3.892305770939115672e-01,3.235742191929239508e-01,-1.792532716476918364e-01,2.690348444111362314e-01,4.020395518669563906e-01,-3.561276638070894895e-01,-8.371852327598736099e-02,-5.019116657698009520e-01,-4.252632447299926621e-01,-1.230225961526308254e+00,1.048376401246937650e+00,6.442068506263544103e-01,-1.687171894954101692e+00,-1.890266943820341772e-01,7.936834422914600395e-01,6.647645614682461401e-01,-7.397889195550876318e-01,3.160320038750393801e-01,-4.591901679273452386e-01,1.679639018940153744e-02,9.025640762956390617e-01,2.575703058991154482e-01,-7.369757828263173716e-01,3.513207706037648759e-01,2.073889135414895002e-01,4.478329954691250281e-01,4.771123167638493534e-01,1.774068947410087083e-01,-7.327060797799896108e-02,1.764194515319245649e-01,-4.209164714436786636e-01,-2.457859676036875107e-01,9.811583433588263459e-01,-4.122777422231345690e-01,3.107025872536006150e-01,5.001634346089092187e-01,1.545501891747073919e-01,2.516385066145348515e-01,8.988076366051032939e-02,7.312640716732969615e-02,1.147277544717343556e+00,-1.731128471878997863e-03,4.334332095501886722e-02,1.174327924989879923e+00
5.411733720611641152e-01,7.634969103009092706e-01,1.430948353046093802e+00,9.886583937582815729e-01,-1.566713854069191614e+00,-2.340558523071027075e+00,-2.968897067227647679e-01,2.939220743961022397e-01,-7.102542144525021417e-01,1.782673713522197279e+00,1.012722538867899535e+00,2.284424407263970558e+00,1.959946330221068012e+00,1.068344037797871682e+00,9.255662937385140676e-01,1.072947406554224825e+00,1.013695506857111295e-01,-1.483238303383277668e+00,1.181895798071332049e+00,1.084400527127211911e+00,1.229443259679546596e+00,1.423236551933175331e+00,1.310831578255246432e+00,-1.849442074388720492e-01,2.247156193451239403e+00,1.128488125338281245e+00,4.269998623924801118e-01,-6.100588917833440483e-01,-4.905383014901126826e-01,2.438029753290774870e+00,-4.390881193245398939e-01,7.357918806996668337e-01,-8.582760870418755239e-01,1.080802387725534747e-01,-5.388773636233684661e-01,1.856422572063249676e+00,8.076022900299514307e-01,-9.819936556428903174e-01,7.789392761085890404e-01,7.434873875458113401e-01,4.187173300438227774e-01,5.915232502330439873e-02,-1.527225162745496079e-01,6.235448607184107539e-01,2.088503718210987792e+00,8.189756599035314943e-01,8.887370340436889782e-01,-3.821156212761510074e-01,1.837144299530816260e+00,1.205845103176657274e+00,-1.000651840900743661e+00,-5.710574419874754337e-01,1.843940003662321470e+00,1.004925068899199303e+00,9.844899447930972602e-01,1.209847916098545140e+00,5.501470604153650967e-01,-9.170987113522973688e-01,1.450367067824499534e+00,1.431710167811822698e+00,1.347758000584885041e+00,9.420490293785324099e-01,3.209798553985205305e-01,-1.541813930251823228e+00,-1.423961150823724320e-01,-1.352524173380016626e+00,1.023468763478573074e+00,-8.858292461758023872e-01,6.953973963770401223e-01,-7.739202556380190279e-01,-9.123052626102886586e-01,4.189611761121950773e-01,1.185863582583029707e+00,9.097432964070814032e-01,1.225712239147942251e+00,4.955474154116705776e-01,1.339946048699642622e+00,-1.212011085715236858e+00,-1.045242799489493724e+00,1.244258671876802058e+00,-7.070393335967142256e-01,-7.056199786247761320e-03,-8.611668435588575310e-01,2.379025720199005711e+00,2.463151945853100155e+00,2.170056656417301000e-01,8.577036988808489637e-01,2.174049918276210303e+00,2.461027443972770623e+00,1.057403077305082206e+00,-1.111281069082883821e+00,-7.656596940920653571e-01,1.092518332121040769e+00,1.938693534128956247e-04,-3.956969236487331010e-01,2.061355303084260737e-01,8.873827214994891577e-01,-2.719746748773030007e-02,-6.189613708362905475e-01,1.076159936473023437e+00,8.207213794022634179e-01,1.875681220736841182e+00,4.718644797487662190e-01,1.494605475401412864e+00,9.910842363516276787e-01,1.506733193275854976e+00,-1.173173059692371512e+00,1.756284337702686438e+00,1.352097652494576474e+00,-1.643000337385241760e+00,3.592098849730857024e-01,7.919256397846277107e-01,1.529265482965288303e+00,3.801485932065719053e-01,7.085827187179872810e-01,-5.143584454770454562e-01,-9.722834540378605395e-01
1.652369049732439032e+00,1.060906755977787830e+00,1.301941283766277380e+00,1.423529608382006817e+00,3.404416500910436433e-02,-1.388302071515689740e+00,-1.336104259284437212e+00,4.193652890721811244e-01,-1.432190829677235655e+00,1.442210687822759629e+00,1.214294394715425440e+00,1.365025368820079299e+00,1.717946773370316205e+00,3.306729999771705342e-01,-8.298796281488665660e-02,1.318748844594725744e+00,5.621332633497680420e-02,-1.667779703321373042e+00,1.356724316436991984e+00,5.498916109670984875e-01,1.266600303557488871e+00,1.418496092698364741e+00,-1.943059343560543384e-01,1.294494662573921095e+00,1.913585548084810961e+00,8.533827413925914041e-01,6.973407012000227834e-01,3.843512246727210369e-01,8.723896569661486744e-01,1.832256860485937056e+00,-7.606811656700203095e-01,-1.513314353809066093e+00,-1.015638101005788885e+00,8.160957378299030784e-01,-6.197260438751879263e-01,1.723486268413081834e+00,7.340608450049022071e-01,-1.360823379344837436e+00,1.322881030372604627e+00,9.803670031737059531e-01,9.905607642160911830e-01,7.596927044610843893e-01,-2.076036167603523552e-01,1.017838919460816394e+00,3.905457736878514829e-01,7.119686830617228956e-01,6.692194031333289495e-01,8.082328507102236603e-01,1.419026567972605513e+00,1.527451124818825834e+00,-7.373474500433701007e-01,-1.084513681504331917e+00,1.434002608766652198e+00,9.754798470052546966e-01,1.260571033247145811e+00,1.569593506187907161e+00,6.641022076694784726e-01,-1.393886696905075828e+00,1.596950367988465569e+00,1.143332294401445903e+00,6.575820529095804945e-01,4.026965491811523856e-01,-5.939709307864109444e-01,-1.112654472281378926e+00,-3.191954803749785241e-01,-1.839738710692908619e-01,5.738762511244173137e-01,-1.328402741169865342e+00,1.014367244228925991e+00,-8.851506804137628803e-01,-1.374755803847939495e+00,3.501111704620492593e-01,2.180037855898176447e-01,2.902001123988944831e-01,2.978948774945498368e+00,1.077989084964707800e+00,1.191968317324950899e+00,-1.373449058725022986e+00,-5.361060156545797151e-01,9.280026929024353111e-01,-9.556543436807317660e-01,7.796646405500552435e-01,-6.831617078157686818e-01,1.404080256883950106e+00,1.637265716840668350e+00,7.859991232259717631e-01,-6.429531065448954585e-01,1.834253456735980059e+00,1.665060068612712829e+00,2.224820995279734426e+00,-2.100128111255196384e+00,-1.009754366149483662e+00,1.199899344361474940e+00,-3.910743778779979252e-01,-3.763370794012741993e-01,5.648003455817210972e-01,1.042713248464112175e+00,5.966857732945806125e-01,-1.023569526221792758e+00,1.103395030433938606e+00,1.276405989577973132e+00,1.976759437963151900e+00,7.266808253672730755e-01,2.242691897399258227e+00,1.940886002050256742e+00,1.138604841952705060e+00,-9.226578501173194891e-01,2.104827757553277223e+00,7.394930817722495942e-01,-1.130507368020901682e+00,3.242826283660243392e-01,8.640973578677335620e-01,1.547150671461882787e+00,7.836608799394227665e-02,1.036947678136378448e+00,-6.606446647711949893e-02,-3.288105008523157236e-01
1.502466253006373931e+00,7.753709338143838226e-01,1.056074027155819772e+00,1.495028929010015606e+00,-3.375454562354216481e-01,-2.593867581628820917e-01,-1.146965819280253207e+00,4.547701432844887814e-01,-1.084251983809736863e+00,1.150578515070829644e+00,9.347465891696767892e-01,9.284621893309806806e-01,1.189398038624844389e+00,1.736823575184388846e-01,-2.167027409386836079e-01,1.050789729391326199e+00,3.157595893716855229e-01,-7.770579251702794954e-01,9.741583596895776465e-01,-3.041846114201226525e-01,1.000782056486657856e+00,1.357076397505182275e+00,-1.601147802972101020e-01,1.439247245733334069e+00,1.437017512751718185e+00,7.896618385996971856e-01,9.795442117627864986e-01,5.399675091622027079e-01,1.920079991512514628e+00,1.433492953461237507e+00,-6.095641148657501285e-01,-1.456143154176307020e+00,-8.008655850342769611e-01,8.408374904998762167e-01,3.557920108322027986e-01,1.005449306466058346e+00,1.098710538162777972e+00,-9.403511167910969526e-01,8.330444835108371526e-01,7.575712716681592962e-01,1.223416887468703029e+00,9.004529825608762472e-01,-1.496411448737108296e-01,1.199781507257215329e+00,3.270526734186964823e-01,5.881521362154779053e-01,1.011234609072734214e+00,7.482283365743810366e-01,8.862159267638204385e-01,1.678444345914850144e+00,-6.500451346506824768e-01,-7.170319390475776711e-01,1.087741141735526718e+00,1.036228864331795840e+00,6.000786881649814442e-01,6.874168847038810704e-01,7.477842228114933709e-01,-1.761307143497198302e+00,1.213831783530708863e+00,8.829381634730287809e-01,1.310755467953869990e+00,2.162013177216314808e-01,1.508114330625377475e-01,-1.330463594022015972e+00,-4.621897727662461208e-01,2.074525087004524398e-02,1.130703876765415394e+00,-1.638440087533868494e+00,7.820196033624543519e-01,-9.762073793666756760e-01,-1.782093978421962266e+00,1.166428432440747981e-01,4.118214135680409171e-02,7.587789620914382471e-01,7.501180524460391297e-01,1.068617994346893196e+00,1.020931593072302856e+00,-1.635111668115110550e+00,-7.217986185245673925e-01,8.354103009600458707e-01,-4.457957428674543254e-01,9.634363395487189896e-01,-1.053652161761415185e+00,5.251468414597380008e-01,5.518774132054320436e-01,7.804755904076619011e-01,-9.379624787135655284e-01,9.992190364703642524e-01,9.491471587507642749e-01,7.050224809414887828e-01,-6.443862121795468356e-01,-1.459523240380667497e+00,9.724167157646061987e-01,-8.245617833016298803e-01,2.021997187655609207e-01,5.788487078023222265e-01,1.144295087603544481e+00,1.052769425204259868e+00,-2.010823259541652419e+00,9.386144217765242104e-01,1.184136571182403230e+00,1.614084036532444255e+00,9.971993846110738247e-01,1.221730971063959892e+00,1.255769271284706834e+00,5.367232556243183295e-01,-4.099603830161090978e-01,1.654798158911469086e+00,4.725586260170795416e-01,-1.207187542549127413e+00,-9.148428598830424807e-01,1.121780315941496298e+00,1.166775086156982111e+00,-1.941613851437334670e+00,7.925900217630716948e-01,-4.897911706998298031e-01,-1.190108124649847665e-01
1.563129076824839592e+00,1.096183865166795446e+00,1.052530635471073728e+00,1.288267369992043943e+00,1.352847232051974657e+00,9.341409725971869804e-01,-1.368870634277200349e+00,-6.942910094784838886e-03,-1.938266584240356583e+00,9.145330975404856177e-01,3.944709065717135199e-01,4.871382282732494295e-01,7.474503833545822484e-01,-9.778291356292500014e-01,-1.217186027710783769e+00,1.152796555436006454e+00,2.608699506083594355e-01,-9.419015745919011307e-02,8.917057807141914871e-01,-2.109763706257607119e+00,8.019929368581650841e-01,7.813213936430504214e-01,-9.356347124232652357e-01,5.904435849143987447e-01,2.216913754792843860e-01,1.098908292743191240e+00,1.084262537734384191e+00,1.427801584004225077e+00,3.943334315219900743e-01,3.929696371138660660e-01,-7.394312709106551917e-01,-3.734679679926349860e-01,-8.868949402269323823e-01,1.416719202597739535e+00,-2.717834973304776858e-01,5.156324516498067556e-01,3.726738530377157188e-01,-1.327709108670433791e+00,1.224629721396974125e+00,7.617133145285610585e-01,1.022722690541020052e+00,1.055742070152542178e+00,-6.163007054826605824e-01,1.032857363230578196e+00,-8.852049385772645662e-01,7.502896788079810309e-01,1.409480884842833515e+00,7.557765841291030906e-01,6.445271634553567663e-01,-2.012307461862458402e-01,-1.625045098455018211e+00,-1.410942666741663576e+00,1.649783871511165234e+00,1.047083186496387430e+00,1.251407173814937712e+00,1.257924773567296706e+00,2.299071295469271858e-01,-1.785909200337874703e+00,-3.700040569888417563e-01,1.280455942059875563e+00,3.988925897672289667e-01,-2.220382336134442358e+00,3.912960835076365607e-01,1.657924939716906854e-01,-3.782828868048258020e-01,-5.983726949041324322e-02,-5.539337446699182932e-01,-1.130455007969655812e+00,1.405685318437303266e+00,-1.288884326937370206e+00,-1.409626865376951033e+00,-2.406177998582996191e-01,-1.311589008471749418e+00,-8.195372072087311333e-01,8.982242426452194950e-01,1.456489760734646977e+00,8.723218329891097023e-01,-1.251526268151757160e+00,-9.008011133145767957e-01,6.692451902717843071e-01,-1.087314531153809938e+00,1.373120184890705309e+00,4.645510034917060826e-01,-5.807279541909871057e-01,-3.793012813370290059e-01,1.715380889164290323e+00,-8.647399312589512110e-01,1.836959872528316218e-01,3.210137716947797926e-01,6.838774335501297541e-01,-7.275608791698605637e-01,-9.777220034586908692e-01,9.570923369998562968e-01,-1.692803924546157246e+00,1.103614230834998738e-01,1.776092417142844493e+00,8.714045758083285298e-01,1.000965422516339132e+00,-1.203427476489726589e+00,1.153414913283034027e+00,1.325734859925867815e+00,-7.934066315562461336e-01,8.517828446834607714e-01,8.406238697702419493e-01,1.297442813169893849e+00,1.171041201172162260e+00,-7.345316804048492854e-01,8.676590113234622370e-01,1.048894490987538619e-01,-1.207665761716877340e+00,-4.259195807547750401e-01,9.751996523198759315e-01,8.333260736211752784e-01,-1.171688925453385322e+00,1.604728813274645116e+00,8.496190419007405570e-01,-9.743352221597909035e-02
1.744546747214649862e+00,1.157048764310076860e+00,8.241365832305870276e-01,1.229035004156442401e+00,1.131404448064023294e+00,8.469317744730239239e-01,-1.007243928807281419e+00,-7.535423006274505342e-01,-1.272619960156159635e+00,6.681480005014195367e-01,9.840756026545669499e-01,2.726760289033004492e-01,7.746580182516163982e-01,-6.453238207699015794e-01,-9.159775001855381404e-01,1.081244538678424183e+00,5.246930216500161892e-01,-9.953994642618396727e-01,1.030221534239365244e+00,-6.834895653505890234e-01,8.934852415422406269e-01,1.180120576442126756e+00,-5.370840643203224074e-01,1.674228688714708202e+00,6.180974478525299576e-01,9.674073137596335137e-01,1.344904724737170154e+00,1.894369288944288243e+00,1.833867956790246945e+00,5.995529067588295513e-01,-9.658437169103888387e-01,-3.291115539311821325e-01,-1.172090363793967471e+00,1.456161341996296654e+00,-7.014382155575564770e-01,5.156676685756588219e-01,7.504594453278837785e-01,-1.280837523702043290e+00,9.019524576821126294e-01,9.076948590919660109e-01,1.104902579631937831e+00,1.060125879948991878e+00,-1.093104145971754759e+00,1.253254694980938222e+00,-4.904069881750987014e-01,6.440501142288858061e-01,1.525396242297555993e+00,1.282191987424179613e+00,7.720359150402551496e-01,8.321259334828662313e-01,-6.818686050248758956e-01,-1.263274498734822338e+00,9.132363533116258925e-01,9.210889996122326728e-01,9.243904868933888741e-01,6.902184024781383709e-01,2.635245610179827724e-01,-1.551551830977327517e+00,1.040641787752264680e+00,7.054675249505832912e-01,1.243196889266514754e-01,-3.568180843918372647e-01,7.044784513261705960e-01,4.554512806877903386e-01,-2.435697740211499318e-01,9.162724499412921997e-01,-8.858208390709556568e-01,-1.342722190492766865e+00,1.140532274420221981e+00,-8.528664864368518117e-01,-1.578680722485684695e+00,-7.554800964995508350e-01,-9.353974621189109495e-01,-8.361173985434409150e-01,7.571436742888176807e-01,1.166697006306272932e+00,7.703735948011321000e-01,-1.525086455862645352e+00,-1.107592435591318480e+00,3.004641663904018545e-01,-1.036464814107109778e+00,1.091151469283105913e+00,9.413928722399904359e-02,-7.259659782206434597e-01,-1.163528260357288513e+00,1.059755794491386016e+00,-1.087217479013218968e+00,7.201489734624303418e-01,8.650959346191753330e-01,1.632631670525976020e+00,-1.017377770118958358e+00,-1.230309996161022434e+00,1.200246680965768586e+00,-9.987688955112965505e-01,-5.806126010065720128e-02,3.177318491756742636e-01,8.796510361011163903e-01,9.208614318582895031e-01,-1.542397268305192748e+00,8.243079941449409365e-01,1.077225495057441584e+00,8.542062688952661853e-01,1.162991633912183298e+00,1.070225618215143060e+00,1.281502682557566386e+00,8.262043995002051888e-01,-8.344717211876342411e-01,1.051407480268700567e+00,4.342350763889868959e-01,-8.658061814531043954e-01,-6.628567123969338892e-01,1.036242497635318172e+00,1.745088302114088941e-01,-8.374678543275438924e-01,1.165739470201381911e+00,6.609264701144199616e-01,3.012717681142074722e-01
4.580961135094988035e-01,5.909703059778015355e-01,9.524934541395447818e-01,7.922163280936064256e-01,3.738085483516466745e-01,1.184874544886540759e+00,-9.317341499247213665e-01,2.915222790830097055e-01,-1.749941194800437028e-01,1.286842446629448689e-01,7.432739742373325464e-01,6.215661132569504366e-01,6.226012467916006710e-01,-7.204985984131258014e-01,-5.701494015111543412e-01,4.640963330457155145e-01,1.219027900130386532e+00,-4.856243509572227834e-01,8.900245446824527340e-01,1.651069682851966924e-01,5.519542248552951058e-01,6.243931531225717091e-01,-5.482127295308705239e-01,9.325378667644228514e-01,8.961374105413143221e-02,8.879225231125968953e-01,7.446694470310636360e-01,1.242337011642883349e+00,1.000208845713984829e+00,1.050008505351731902e-01,-4.945777944396117509e-01,-1.963583267642886876e-01,-7.058331843124415750e-01,8.782024412133572211e-01,-1.395801531279309504e+00,1.027174722190876688e-01,6.067080605609610489e-01,-8.555116884001602306e-01,5.476079432682938730e-01,6.137363884832298666e-01,7.244575386178816467e-01,9.277715630654966850e-01,-1.144463541378597515e+00,8.929675152911595859e-01,6.860910023717976813e-02,5.812775378927881320e-01,9.778189944326325378e-01,4.063967020014592757e-01,5.093741358663742558e-01,6.505238257557115211e-02,6.834347157541367235e-01,-1.171259942488644290e+00,5.226188985780257923e-01,7.440602439663073220e-01,3.593403332712039600e-01,2.645452937663537729e-01,3.776397109630028059e-01,-8.643710018099320935e-01,2.842371884891946587e-01,1.428485459558092585e-01,-1.198857973310770486e+00,-7.543004973596333096e-02,5.017756978167109416e-01,5.780660138172531992e-01,-4.363179103546269144e-02,-4.701874906404008847e-01,-9.683946140177159823e-01,-1.253077637324696347e+00,7.966535354991687301e-01,-3.460987609584527114e-01,-5.304170767104915418e-01,-7.756485509046826543e-01,-3.870094040100115484e-01,-7.817582682737729272e-01,2.062612818156424679e-02,5.389814732451609913e-01,4.425166699124700176e-01,-7.169837677874731918e-01,-9.563942370682443350e-01,2.825715240400186734e-01,-3.619391132407077105e-01,4.620339508935520367e-01,5.303964844016226809e-01,-7.375706502553673882e-01,-8.384694752975648813e-01,8.191883961693650074e-01,-7.251162343866424109e-01,8.987446936995772961e-02,4.629225505460001777e-01,-1.973770894595248127e-01,-4.365802940339616467e-01,-1.737989290677898480e-01,9.839242998146491281e-01,-6.313333174070768772e-01,-8.288492811278023176e-01,1.394074672740776843e-01,7.728584561207049175e-01,5.456689061053047185e-01,-9.626053795487030662e-01,7.261520429532336562e-01,9.422652921209984100e-01,1.115087340326522680e+00,7.878371628361889867e-01,2.769599604906355927e-02,-1.210795669475755870e-01,2.961245499525054226e-01,-6.612337593009162684e-02,-4.973907651575449479e-02,-5.652282570024237396e-01,-6.887252108916264159e-01,-9.997661332770987341e-01,1.748059106775504412e-01,-3.687415090507888127e-02,-5.965639188681408633e-01,1.037589729810317829e+00,6.016049219291191852e-01,-1.245095478706063630e-01
9.710572871004952145e-01,1.140100250522543046e+00,9.511073496012678596e-01,1.186561895259309773e+00,1.559212466812454290e+00,1.338971957896648135e+00,-1.298123091716412159e+00,-5.299239913181824635e-01,-8.565911072288449057e-01,1.829305162081473479e-01,1.052803360426678880e+00,5.083377807269046089e-01,5.551544842807873970e-01,-1.102799117068270940e+00,-8.673466482329226235e-01,1.079559691465629578e+00,1.097549528895629845e+00,-1.242457943960464162e+00,9.760940548685644869e-01,-1.027087730391448739e+00,9.392611753399634500e-01,4.745889662027871214e-01,-1.349181608817035860e+00,9.699589315784775678e-01,1.184013886504785007e-01,-1.227842589533366946e-01,1.137339628354780308e+00,1.379548300011136153e+00,-7.635226267156038915e-01,-2.389541748242522412e-01,-6.135086217592863322e-01,-1.107431651439205744e+00,-9.185377308912239247e-01,1.279365763600154526e+00,1.440721933953383049e-01,9.109853011186189731e-01,1.659883908468094527e+00,-8.180414547381784640e-01,1.111941557424792171e+00,1.151798040536909706e+00,1.138185590076516540e+00,1.107268913658645770e+00,-1.217732128729575702e+00,9.278649315298118649e-01,-1.668951166772099537e+00,1.400442161923001638e+00,2.274815716880620176e-01,1.221807294201872951e+00,3.606268948555963472e-01,1.254393819654483488e+00,-1.778167265226764104e-01,-7.837995697883778368e-01,1.091508009290098169e+00,1.040498915772464894e+00,9.578869577193600549e-01,1.157271818799580521e+00,1.670651390211618681e+00,-8.000319592493310150e-01,9.874790788429818056e-01,1.204738207373575065e+00,2.161359945900709345e-01,-3.429037395844085623e-01,-2.289739679646235260e+00,1.453207428939774504e-01,-1.632094165967018784e-01,-1.475557898199187035e+00,-1.545171532966481021e+00,-7.438416440356006021e-01,1.557304610682618495e+00,-9.359825134966530680e-01,-7.209218121471170360e-01,-1.577042316213860929e+00,-1.186434651927824380e+00,-1.562702534487550032e+00,-8.013648153690814402e-01,1.518600922859696611e+00,1.048870685480546294e+00,-7.865212275377327922e-01,-1.102434921297797077e+00,1.707005422006312667e+00,-3.900981038263973688e-01,1.451083338898308650e+00,2.043593921822249304e-01,-1.189892572228973933e+00,-1.304758207441538254e+00,1.868720788763912122e+00,-7.684752815074212817e-01,5.922906505458880311e-01,3.692715906031349138e-02,3.398680035133329058e-01,-1.012348797583725979e+00,-9.214041091905601499e-01,6.771043537686123326e-01,-5.707702592762718963e-01,-5.067116495976056179e-01,-3.875512546358353405e-02,8.819751060690436129e-01,1.371233460675297389e+00,-6.410626203820800617e-01,9.433648641167796667e-01,1.006123796307369256e+00,-5.672382958089730032e-01,9.739395797890918471e-01,5.361227546482218997e-01,9.905147081793653774e-01,8.116301376948181767e-01,-6.082001103109121454e-01,3.495735557308757291e-01,-1.215181362572518076e+00,-1.335852160049636916e+00,-1.148341506356161501e+00,1.336463451696061844e+00,1.142353088825743379e+00,2.521541008419606045e-01,9.491206916494475676e-01,5.488435196138157224e-01,-8.661933870543131464e-01
8.800581426022314746e-01,9.597814337676190410e-01,7.047564786461039121e-01,6.068557892028415557e-01,1.300160778205784018e+00,1.577922649957975709e-01,-9.644590758400610753e-01,-6.701678032648787919e-01,-8.876705535900959454e-01,-1.528436608798058038e-01,1.261899284882739725e+00,4.603727622327449809e-01,2.774066568336566729e-01,-1.681420092549222867e+00,-8.775829421952615617e-01,7.813539676367130538e-01,1.189113802820448873e+00,-6.217375507986590000e-01,1.057758106800893882e+00,1.851495675401437502e-01,6.455930612304157101e-01,3.668524957404835640e-01,-1.386860908340740606e+00,1.282221449963680815e+00,-4.637945693978938189e-01,6.905755695976503183e-01,1.060678664761159018e+00,1.317004248854302340e+00,1.753493877276475765e-01,-4.868061077336777731e-01,-1.074527122891036024e+00,-6.950764199175567259e-02,-1.038913562868641449e+00,1.300537703147682800e+00,-8.628525526631773968e-01,2.886767938625506846e-01,1.753917957923970983e+00,-6.586854035249974926e-01,7.443361772285805866e-01,1.112661295432466835e+00,1.037529595919674419e+00,8.519648459191402345e-01,-8.723084263858458254e-01,1.142499322284205698e+00,-1.438147451809636879e+00,1.355857793094302766e+00,1.660615190441047107e+00,9.023648256632873510e-01,3.412653446437228788e-01,6.435183927566798801e-01,-1.729002266578206493e-01,-9.868859972312232776e-01,4.671323251450145153e-01,1.015270461631549326e+00,9.441885830939595881e-01,6.932029403650722399e-01,1.593549527519243281e+00,-8.768154334429927310e-01,8.453608635928324677e-01,7.332991668516443129e-01,-5.625926544832766663e-01,1.157296469963642327e-01,8.427711314620240923e-01,-9.848554857948361718e-01,-4.095878941481749802e-01,9.998148872911382101e-01,-1.267091359234295611e+00,-8.188650872986233953e-01,1.213375066942341762e+00,-7.562400047774526790e-01,-6.455493366772536712e-01,-1.578589110680214569e+00,-1.503023653995638975e+00,-1.581631723228376751e+00,-1.156505765001150099e+00,1.106934259576604074e+00,5.000704204779435891e-01,-7.701587422736060340e-01,-1.481780138357488452e+00,9.698711833083529799e-01,-7.504554566288275108e-01,1.324055280505651799e+00,-5.352953627574565942e-01,-1.372526195092335977e+00,-1.207308174718458416e+00,1.416970702590982345e+00,-8.239177252643439253e-01,6.076228020952382236e-01,1.988526780831238738e-02,2.300064783045968342e-01,-7.632540121974440428e-01,-7.073918097340354816e-01,7.622084915038151998e-01,-4.804458396265474107e-01,-4.234386225408492410e-01,7.129176427973438201e-01,9.310421431831155115e-01,1.141162515144444223e+00,-9.431188478039178591e-01,9.037249934702809018e-01,8.300666098005360372e-01,3.814803563812384501e-01,1.340839429641284664e+00,8.849070104326363095e-01,6.975072867928205911e-01,5.050043838939987095e-01,-3.848791194726262077e-01,5.368804533195538076e-01,-3.081283476549832034e-01,-7.574786419259542658e-01,-7.233836501568811084e-01,1.032129936591660746e+00,2.270393447076414495e-01,-1.958005935515202189e+00,8.932162099422524815e-01,1.304033579211031357e+00,-8.022782147511682282e-01
2.506686666913410244e-01,6.251969691552782260e-01,1.681428828430191202e-01,3.077930152245479944e-01,-4.306282664552221751e-01,-9.450494360302149621e-01,-9.494613326607308501e-01,-1.113035836928937927e+00,-8.115220664355244917e-01,1.059787506507483268e-01,8.982954119036373752e-01,8.475752568354200100e-02,5.173328835545282917e-02,-1.879316140613734643e+00,-9.172830547446451099e-01,3.932265558686933726e-01,1.466920692576000773e+00,-9.697094643318617813e-01,1.043094278034394584e+00,1.068268727143267371e+00,6.521035615224040072e-01,3.243640782481206353e-01,-1.752220214114802443e+00,4.941160394084522234e-01,-7.040509834283571466e-01,1.545682661031800853e+00,8.693232577058113142e-01,8.868477166524407762e-01,8.901178815748227446e-01,-6.035847590574777710e-01,-1.715542567262169804e+00,-3.375821403922918962e-01,-1.152060863048403050e+00,7.165503624135136640e-01,-9.440849582473884727e-01,1.793637755559716052e-01,5.201747487760793875e-01,-8.966384747195184080e-01,1.039757400778012375e+00,1.165267067562948622e+00,9.165798069292758754e-01,8.875077264865017801e-01,-1.256666708520592923e+00,1.008196551308667255e+00,-1.634318723502729831e-01,1.613970301248361938e+00,1.425224228013308725e+00,1.063345294547700659e+00,7.665884943138393526e-01,3.079789989157830643e-01,-6.276024735142290423e-01,-1.132263964673774881e+00,2.497578594872830737e-01,8.215428319493649489e-01,1.132142521565744131e+00,1.008105728477146190e+00,8.700924374221489233e-01,-6.407498224297089040e-01,7.316789482477308315e-01,6.857763302790322868e-01,-2.523960495367885581e+00,-1.313791967739647237e+00,6.701885601652259883e-01,-4.838943114689739367e-01,-3.962594306580042303e-01,1.311967080035045585e+00,-1.629100493308368147e+00,-6.901930966922880106e-01,8.669634302118562896e-01,-1.112077732585670553e+00,-2.837982947659832833e-01,-1.455214855930876183e+00,-1.160238136534398334e+00,-1.354600301425750386e+00,-1.594764644704504075e+00,6.342247824455738980e-01,7.840960501742851863e-01,-5.419581434288494037e-01,-3.758006424654231070e-01,1.200438943212076781e+00,-1.109701024783423140e+00,9.975118122618348293e-01,-4.897692656460616578e-01,-1.080945501642113671e+00,-1.236634754189436025e+00,5.695057681350002010e-01,-1.078210058001613181e+00,7.617114537715220512e-01,3.155272265930365028e-01,4.272766551599504470e-01,-7.415892892932369751e-01,-5.220359881819464087e-01,8.195341389733924453e-01,-1.030261010581235537e+00,-2.655993719123503460e+00,1.560556179742215610e+00,8.584635251926203692e-01,8.773139504470348626e-01,-9.974908560216074749e-01,8.307137952664476188e-01,5.139893701435760409e-01,1.276483013779499687e-01,1.100930585722895039e+00,4.082878673262642644e-01,1.564704577284805331e-01,4.920886833535263460e-01,-1.028624219536268924e+00,1.239544312285538741e-01,-6.495558657922094747e-01,-1.071631809000638480e+00,-1.107495591728635986e+00,9.140200883477627158e-01,7.337898126795858733e-01,-1.277482422060820522e+00,1.063953488517719981e+00,1.489750216063026267e+00,-1.586871399027280916e+00
4.871168705005339272e-01,7.552272236724539844e-01,1.648594305862386214e-02,7.792019843215115538e-01,-9.081105407605637447e-01,8.998290521399077146e-02,-8.800755547950240842e-01,-1.826025611812394978e+00,-6.274732653642329794e-01,1.078055649476936106e-02,9.115948789420754705e-01,-1.189753585180050310e-01,1.111062288959921984e-01,-1.450719746881067751e+00,-1.639193776499060229e-01,4.739428181134980878e-01,1.210621510344385587e+00,-4.976168849415327222e-01,2.995991054644646656e-01,1.197629931346409382e+00,4.120504558967720832e-01,4.288701027625184681e-01,-1.286145390195553517e+00,7.126497118250055829e-01,-7.609220825675439004e-01,3.487650929328968696e-01,1.037995472600305114e+00,1.023978788215082592e+00,-8.275461816367321033e-01,-5.766468890170852735e-01,-1.114847354700257309e+00,-8.003369249234923988e-01,-6.439012395066820993e-01,8.248204044817191161e-01,-5.128841327851373366e-01,-1.022386745341234693e-01,8.719243809915421251e-01,-8.410180883403503005e-01,7.396178340971178988e-01,4.318012393568651519e-01,9.615856931478984349e-01,1.298237262492023314e+00,-6.767020938595873503e-01,8.336465823087710891e-01,-2.117582160844021733e+00,3.439864876827002371e-01,-1.156927624688437461e+00,1.170920465071833672e+00,1.282493774252539409e-01,5.328333146710665380e-01,-1.655108795800867449e+00,-1.364226614319294262e+00,-7.932589306884066382e-02,8.390797414428718959e-01,1.153725912589491642e+00,4.190738015308486664e-01,1.527420476147003159e+00,-8.169104240124595850e-02,2.426530813473456172e-01,5.314838598952290605e-01,-1.500127856913226587e+00,-1.623534255936357029e+00,8.604822903624774755e-01,4.732621697898871105e-01,-2.487624790567812272e-01,-3.531506936925848383e-01,-1.048977582236316541e+00,-4.200014108223460441e-01,1.452914787426763943e-01,9.385388959234160222e-02,-5.601874175903839292e-01,-1.342882230896035978e+00,-7.527243051848406807e-01,-1.117099483455665565e+00,-8.716826184537640465e-01,1.028802547565386583e+00,3.082618650337491939e-01,-5.737076747546133726e-01,-1.345396989877103655e+00,-3.051489004118898909e-02,-7.534119234318173985e-01,1.199326511555802499e+00,1.601596379171496554e-02,-1.209147316014291373e+00,-1.312959133625924313e+00,3.127179378703581203e-01,-9.002104104723548383e-01,2.201153207168536352e-01,-2.590592784506885460e-01,-1.564430105229122514e+00,-8.091594311901306735e-01,-9.478649880024876406e-01,4.209013400745707789e-02,-2.100306491287016630e+00,-1.111112571900709112e+00,1.367443075198525149e+00,7.303929882643519500e-01,1.284703481301817884e+00,-5.023323681638917071e-01,3.616253566268906594e-01,6.469850880527817649e-01,-1.174742259661724519e+00,7.480082871044134718e-01,-2.332321414305297547e-01,-1.000722484739429596e+00,1.974300136728383281e-01,-5.818653220556380123e-01,2.839417952769184850e-01,1.344310775490406389e-02,-4.329458717046025251e-01,-1.268770779491193101e+00,1.627293692407568437e-01,6.549484444560389473e-01,-5.779365947875411136e-01,3.102864091016270254e-01,1.379812710186720359e+00,-1.593459790820510147e+00
-8.877372700776198222e-02,9.532372138899589675e-01,7.294445029100831146e-01,4.409514319319974285e-01,-9.309921734758755396e-02,-1.535134969481161793e+00,-8.816740377980065713e-01,-1.475332410600109778e+00,-4.252422535397164527e-01,6.531908238441122005e-01,1.106002889341660023e+00,3.318848860358115105e-01,6.325946372378393745e-01,-9.650399982079299610e-01,-7.553298800014287551e-01,5.009088299710912073e-01,1.732152551215091485e+00,-6.349341313394770703e-01,1.023457661937194896e+00,6.808619574816318076e-01,9.662754160415610860e-01,6.922177564737074240e-01,-1.255327077959269344e+00,7.080851260359627419e-01,-3.786852969514219458e-01,1.190525648202559905e+00,8.183415171060913762e-01,4.547474541515083568e-01,2.084874548615614498e-01,-3.560955314659721149e-01,-1.424487965090482033e+00,-5.484322351185937361e-01,-9.596239918902331745e-01,6.588787765399970464e-01,-7.690485270373423887e-01,7.534098340498494029e-01,1.532981190586264919e+00,-8.718220834786237772e-01,1.071711514811091837e+00,1.255155917421952205e+00,8.472933345418625084e-01,1.053412829360604652e+00,-8.650407743448819131e-01,8.622266318455238387e-01,-4.701067469352077088e-01,1.348591410218453523e+00,7.867999129524409774e-02,1.418523615712485197e+00,1.017000017200871298e+00,1.182136063015686744e+00,-2.091410136746583714e-01,-5.869694624123550364e-01,4.180963470364722490e-01,8.810688019746799604e-01,5.485128794813091124e-01,9.371721592705304360e-01,4.199102946094753208e-01,-2.478502047213980708e-01,1.066368966696608522e+00,7.344384027333609177e-01,-3.052604491989985847e-01,4.627668884499145374e-01,4.850003301025290758e-01,2.750348152697094234e-02,7.174514369549514492e-02,9.215684757309388075e-01,-1.096954578588823503e+00,-4.393861616292032424e-01,7.035077606191070254e-01,-8.855989782875766103e-01,1.379829318979258973e-03,-1.449840033048287236e+00,-3.112223639166020739e-01,-1.335297979521853362e+00,-1.060290217535498014e+00,4.033922515927188535e-01,1.057433935952102999e+00,-4.254692707887310354e-01,-3.919782690707021566e-01,1.435687380498789523e+00,-1.027037242512541360e+00,5.205050537751563233e-01,-4.505685535644175510e-01,-8.312298779691048578e-01,-8.669326126830066981e-01,7.072166512331211352e-02,-1.139798171698281015e+00,7.854461984096847704e-01,7.340530085358423218e-01,-9.337002509774683379e-01,-8.632761840679521459e-01,-8.358588453522252104e-01,1.201657346355503808e+00,-1.457819228690675262e+00,-1.658128057198736238e+00,-1.096493863144198722e+00,7.717356021062841132e-01,1.028704811356947024e+00,-4.088060435023933570e-01,6.183863169689897132e-01,4.646670174669453868e-01,3.707232112104231758e-01,1.271711734849942488e+00,4.248830151952357609e-02,3.942431722743337530e-01,7.582810547862582906e-01,-1.370711277974026032e+00,1.776182911095490202e-01,-6.953169389668195643e-01,-6.448077033381105494e-01,-1.690609675744206397e+00,6.589570031503374503e-01,1.310621242604810277e+00,-1.117404868461472800e+00,5.562730046073496304e-01,1.643346576908400136e+00,-1.660704190802268831e+00
9.670107849151775292e-02,1.101189306202694507e+00,4.968734710010337396e-01,2.147558904069440389e-01,7.292689647314614110e-01,-1.665340894022154794e+00,-1.171209174859302177e-01,-2.511396305751592894e+00,-4.381521032925002612e-01,-2.705548753578028431e-02,7.674931184898621250e-01,9.290624065883679172e-02,1.073692113014426963e-01,-3.362134015679397181e-01,-5.404616161226805104e-01,6.924251157552827607e-01,1.284603739630954200e+00,-7.296959392029673808e-01,3.633117868222611180e-01,9.321361421865888008e-01,6.941886247407957899e-01,5.008700292864874948e-01,-1.419570864331663573e+00,7.825953985477888120e-01,-8.203883258026778424e-01,1.323740545443178984e+00,6.803117171332502267e-01,4.226867897300693455e-01,3.573333050363195484e-01,-9.429636026610415112e-01,-9.728642393788745624e-01,1.424644652203272077e+00,-1.049887320064139429e+00,9.501580373410860592e-01,-1.399371909488189125e+00,1.853218170956413280e-01,4.191950610651503095e-01,-7.435917918368744051e-01,1.183132198947138169e+00,1.052517816721560084e+00,9.330356569548240442e-01,1.095820809869625823e+00,-1.837639398083721343e+00,5.854336964026487511e-01,-1.396440380330534303e+00,8.963321821332035366e-01,2.979473773704850448e-01,1.049598927555134953e+00,5.561092056358767355e-01,7.615814485139050793e-01,-1.697371459034984653e+00,-2.488019019599183590e-01,2.070340959883430476e-01,8.011991839440003593e-01,6.305865162759126674e-01,1.096327226806706134e+00,3.301587832792915456e-01,8.074361539171486246e-01,5.276813887803550873e-01,4.751304194639400791e-01,-1.520536593282437954e+00,-8.027123360074449598e-01,2.050471969510938575e+00,-3.836762287239586233e-01,4.344386847157458154e-01,2.143481701611653190e+00,-1.373722572146827803e+00,-2.305175134600549736e-01,5.807211872655343443e-01,-1.347414678902336238e+00,5.566607311588697149e-01,-1.224465562290257159e+00,-1.286773537642088128e+00,-1.474370157771919487e+00,-7.881675333182341925e-01,4.586813692838717649e-01,7.551854588941320223e-01,2.468452664805325103e-01,4.038963254922019463e-01,8.376241204686202257e-01,-1.489450076357881514e+00,7.631400957769728377e-01,-3.723328056907426742e-01,-1.712730156415403604e+00,-1.134730117898686164e+00,1.987988790026594399e-01,-1.495887764237315398e+00,8.480991827075400058e-02,-5.444785956175776098e-01,-1.879338806649718252e-01,-6.166624469142601983e-01,-9.181892371970706845e-01,7.417214391692859010e-01,1.405819296569419119e-01,-1.272023007910809467e+00,1.618170947530451764e+00,7.353181194995517256e-01,1.001946815309504801e+00,1.761354974026234921e-01,5.523455204552663034e-01,2.188006475956616181e-01,-2.452290099840501725e-01,7.408284140865301071e-01,-1.766424856526382370e-01,7.530018048926783170e-01,5.896167817368391795e-01,-9.589993542068012689e-01,2.691116956221166201e-01,-6.655098432010239096e-01,-4.412219316807330927e-02,-1.155457950095234304e-01,1.001719524320422300e-01,8.602030157431740376e-01,-3.408819584425809013e-01,1.149200410656134735e-01,1.977303615597374886e+00,-1.062978317977913006e-01
